,Rachel_Karchin,Steve_Salzberg,Cristelle_Chirwa,Kate_Sheridan,Lisa_Fauman,Oliver_Moadel,Terion_Miller
Rachel_Karchin,1.0,0.5274692493561506,0.5274294748774448,0.5232133801346366,0.5277725297562819,0.5234719142462239,0.5271908280052104
Steve_Salzberg,0.5274692493561506,1.0,0.5278123042349876,0.5240834468563247,0.5285431602812055,0.5234072807183271,0.5267632523591238
Cristelle_Chirwa,0.5274294748774448,0.5278123042349876,1.0,0.5294380860520846,0.5310141497707995,0.5255600743782752,0.531824554774429
Kate_Sheridan,0.5232133801346366,0.5240834468563247,0.5294380860520846,1.0,0.5273648413495481,0.522238905406346,0.5283393160778387
Lisa_Fauman,0.5277725297562819,0.5285431602812055,0.5310141497707995,0.5273648413495481,1.0,0.5249684290075273,0.5294977477701432
Oliver_Moadel,0.5234719142462239,0.5234072807183271,0.5255600743782752,0.522238905406346,0.5249684290075273,1.0,0.5244762198335438
Terion_Miller,0.5271908280052104,0.5267632523591238,0.531824554774429,0.5283393160778387,0.5294977477701432,0.5244762198335438,1.0
